,one,two,three,four,five,six
a,-0.32606764612329003,,-0.03238680370730748,bar,False,1.0
b,0.6020482684160102,-0.2389085198609627,0.9480691118052113,,True,2.0
c,0.08445361654137612,-0.8539063973778434,0.8114113935846751,bar,True,3.0
d,,,,,,
e,-0.4077972771203997,,-0.8373718601906904,,False,5.0
f,0.027859625453864608,-0.4286417921035885,0.2700272884570352,bar,True,6.0
